datetime,unix_timestamp,listed,http_status,detail
2026-04-25T16:00:01+02:00,1777125601,1,200,bot_confirmed
2026-04-25T16:40:01+02:00,1777128001,0,200,not_listed_in_199_bots
2026-04-25T16:50:01+02:00,1777128601,0,200,not_listed_in_199_bots
2026-04-25T17:00:01+02:00,1777129201,1,200,online_and_listed
2026-04-25T17:10:02+02:00,1777129802,1,200,online_and_listed
2026-04-25T17:20:01+02:00,1777130401,0,200,not_listed_in_199_bots
2026-04-25T17:30:01+02:00,1777131001,0,200,not_listed_in_199_bots
2026-04-25T17:40:01+02:00,1777131601,0,200,not_listed_in_199_bots
2026-04-25T17:50:01+02:00,1777132201,0,200,not_listed_in_199_bots
2026-04-25T18:00:01+02:00,1777132801,0,200,not_listed_in_199_bots
2026-04-25T18:10:01+02:00,1777133401,0,200,not_listed_in_199_bots
2026-04-25T18:20:01+02:00,1777134001,0,200,not_listed_in_199_bots
2026-04-25T18:30:01+02:00,1777134601,0,200,not_listed_in_199_bots
2026-04-25T18:40:01+02:00,1777135201,0,200,not_listed_in_199_bots
2026-04-25T18:50:01+02:00,1777135801,0,200,not_listed_in_199_bots
2026-04-25T19:00:01+02:00,1777136401,0,200,not_listed_in_199_bots
2026-04-25T19:10:01+02:00,1777137001,0,200,not_listed_in_199_bots
2026-04-25T19:20:01+02:00,1777137601,0,200,not_listed_in_199_bots
2026-04-25T19:30:01+02:00,1777138201,0,200,not_listed_in_199_bots
2026-04-25T19:40:01+02:00,1777138801,0,200,not_listed_in_199_bots
2026-04-25T19:50:01+02:00,1777139401,0,200,not_listed_in_199_bots
2026-04-25T20:00:01+02:00,1777140001,0,200,not_listed_in_199_bots
2026-04-25T20:10:01+02:00,1777140601,0,200,not_listed_in_199_bots
2026-04-25T20:20:01+02:00,1777141201,0,200,not_listed_in_199_bots
2026-04-25T20:30:01+02:00,1777141801,0,200,not_listed_in_199_bots
2026-04-25T20:40:01+02:00,1777142401,1,200,online_and_listed
2026-04-25T20:50:01+02:00,1777143001,0,200,not_listed_in_200_bots
2026-04-25T21:00:01+02:00,1777143601,0,200,not_listed_in_200_bots
2026-04-25T21:10:01+02:00,1777144201,0,200,not_listed_in_200_bots
2026-04-25T21:20:01+02:00,1777144801,0,200,not_listed_in_200_bots
2026-04-25T21:30:01+02:00,1777145401,0,200,not_listed_in_200_bots
2026-04-25T21:40:01+02:00,1777146001,1,200,online_and_listed
2026-04-25T21:50:01+02:00,1777146601,1,200,online_and_listed
2026-04-25T22:00:01+02:00,1777147201,1,200,online_and_listed
2026-04-25T22:10:01+02:00,1777147801,1,200,online_and_listed
2026-04-25T22:20:01+02:00,1777148401,1,200,online_and_listed
2026-04-25T22:30:01+02:00,1777149001,1,200,online_and_listed
2026-04-25T22:40:01+02:00,1777149601,1,200,online_and_listed
2026-04-25T22:50:01+02:00,1777150201,1,200,online_and_listed
2026-04-25T23:00:01+02:00,1777150801,1,200,online_and_listed
2026-04-25T23:10:01+02:00,1777151401,1,200,online_and_listed
2026-04-25T23:20:01+02:00,1777152001,1,200,online_and_listed
2026-04-25T23:30:01+02:00,1777152601,1,200,online_and_listed
2026-04-26T00:00:01+02:00,1777154401,1,200,online_and_listed
2026-04-26T00:30:01+02:00,1777156201,1,200,online_and_listed
2026-04-26T01:00:02+02:00,1777158002,1,200,online_and_listed
2026-04-26T01:30:01+02:00,1777159801,1,200,online_and_listed
2026-04-26T02:00:01+02:00,1777161601,1,200,online_and_listed
2026-04-26T02:30:01+02:00,1777163401,1,200,online_and_listed
2026-04-26T03:00:01+02:00,1777165201,1,200,online_and_listed
2026-04-26T03:30:01+02:00,1777167001,1,200,online_and_listed
2026-04-26T04:00:01+02:00,1777168801,1,200,online_and_listed
2026-04-26T04:30:01+02:00,1777170601,1,200,online_and_listed
2026-04-26T05:00:01+02:00,1777172401,1,200,online_and_listed
2026-04-26T05:30:01+02:00,1777174201,1,200,online_and_listed
2026-04-26T06:00:01+02:00,1777176001,1,200,online_and_listed
2026-04-26T06:30:01+02:00,1777177801,1,200,online_and_listed
2026-04-26T07:00:01+02:00,1777179601,1,200,online_and_listed
2026-04-26T08:30:01+02:00,1777185001,1,200,online_and_listed
2026-04-26T09:44:50+02:00,1777189490,1,200,online_and_listed
2026-04-26T10:30:01+02:00,1777192201,1,200,online_and_listed
2026-04-26T12:30:01+02:00,1777199401,1,200,online_and_listed
2026-04-26T14:30:01+02:00,1777206601,1,200,online_and_listed
2026-04-26T16:30:01+02:00,1777213801,1,200,online_and_listed
2026-04-26T18:30:01+02:00,1777221001,1,200,online_and_listed
2026-04-26T20:30:01+02:00,1777228201,1,200,online_and_listed
2026-04-26T22:30:01+02:00,1777235401,1,200,online_and_listed
2026-04-27T00:30:01+02:00,1777242601,1,200,online_and_listed
2026-04-27T02:30:01+02:00,1777249801,1,200,online_and_listed
2026-04-27T04:30:01+02:00,1777257001,1,200,online_and_listed
2026-04-27T06:30:01+02:00,1777264201,1,200,online_and_listed
2026-04-27T08:30:01+02:00,1777271401,1,200,online_and_listed
2026-04-27T10:30:01+02:00,1777278601,1,200,online_and_listed
2026-04-27T12:30:01+02:00,1777285801,1,200,online_and_listed
2026-04-27T14:30:01+02:00,1777293001,1,200,online_and_listed
2026-04-27T16:30:01+02:00,1777300201,1,200,online_and_listed
2026-04-27T18:30:00+02:00,1777307400,1,200,online_and_listed
2026-04-27T20:30:01+02:00,1777314601,1,200,online_and_listed
